"ID";"NOME";"NOMEESTABELECIMENTO";"EMAIL";"CNPJ";"IDCLOUD";"RAMODEATIVIDADE";"STATUS";"PASSWORD";"REASONBLOCKING";"ADMIN";"ISVISIBLE";"isRepresentative";"REPRESENTANTE";"HASHTOKEN"
24;"Dev Acco";"Controle Sistemas";"controlesistemasgithub@gmail.com";"69634116000189";696341;"Todos";1;"$2b$05$BoVFc/EatCuuUlmOoESKLehVdZZIK/OwFW/LlTJYHE7UVGP/0Jtnm";"";1;1;0;"Daniel";""
25;"Marcio Alves";"Mercado Lar";"controlesistemasgithub@gmail.com";"97027837000166";970278;"Mercados";1;"$2b$05$4X.QLk.ozyQWy5yQo3xWR.qBBIuKIOSdX3wgxxsihbDAuSotdybO.";"";0;1;0;"Daniel";""
27;"Daniel Paix�o";"Controle Sistemas";"daniel@controleautomacao.com.br";"16638863000129";166388;"Todos";1;"$2b$05$EkVv6xfp.iliKo/HMHiK8OH3EhQfhSHQLIpy5y63luG8uFgqbcXgy";"";1;1;0;"Daniel";""
33;"Dev";"Controle Sistemas";"deitosgp@gmail.com";"37348865000153";373488;"Todos";0;"$2b$05$dCi1TRwKaEXklLyHlCp7keEbb3zNIpELHAxK5.AxWlej10MJAmHHa";"";0;1;0;"Daniel";"$2b$08$bZvmw.Yj2qUUN7wZMd16peEZ.F6.squdIe.At63Y4dVnuLzNRnasa"
34;"Teste teste";"teste teste";"guilhermecascavel@gmail.com";"17787474000128";177874;"Posto de combust�vel";0;"$2b$05$SZefxQavam.C2WTkHdy73ueHkYplVk3PR.m/dqHdllEC7PioVeZT2";"";0;1;0;"Daniel";"$2b$08$LCXQMPipSEOkdmGKUjcDBeI47sDVadbijj9iU/3Rzb7RqLU3cmS5K"
